{"cameraMode":{"drawMode":0,"name":"Shaded","section":"Shading Mode"},"sceneLighting":true,"audioPlay":false,"sceneViewState":{"m_AlwaysRefresh":false,"showFog":true,"showSkybox":true,"showFlares":true,"showImageEffects":true,"showParticleSystems":true,"showVisualEffectGraphs":true,"m_FxEnabled":true},"in2DMode":false,"pivot":{"x":-0.9905142784118652,"y":5.362765789031982,"z":0.9337709546089172},"rotation":{"x":0.01364195067435503,"y":0.9707351326942444,"z":-0.23293018341064454,"w":0.056852519512176517},"size":28.821006774902345,"orthographic":true}