{
    "name": "root",
    "gauges": {
        "DroneMove.Policy.Entropy.mean": {
            "value": 1.097640872001648,
            "min": 1.097640872001648,
            "max": 1.4728955030441284,
            "count": 100
        },
        "DroneMove.Policy.Entropy.sum": {
            "value": 21948.42578125,
            "min": 21948.42578125,
            "max": 29453.490234375,
            "count": 100
        },
        "DroneMove.Policy.ExtrinsicValueEstimate.mean": {
            "value": 6.301741600036621,
            "min": -3.7711713314056396,
            "max": 6.380288600921631,
            "count": 100
        },
        "DroneMove.Policy.ExtrinsicValueEstimate.sum": {
            "value": 32113.67578125,
            "min": -16476.248046875,
            "max": 32394.48046875,
            "count": 100
        },
        "DroneMove.Environment.EpisodeLength.mean": {
            "value": 10.502301495972382,
            "min": 10.389521640091116,
            "max": 97.07843137254902,
            "count": 100
        },
        "DroneMove.Environment.EpisodeLength.sum": {
            "value": 18253.0,
            "min": 18244.0,
            "max": 20062.0,
            "count": 100
        },
        "DroneMove.Environment.CumulativeReward.mean": {
            "value": 8.780207134637514,
            "min": -10.0,
            "max": 9.132620993086109,
            "count": 100
        },
        "DroneMove.Environment.CumulativeReward.sum": {
            "value": 15260.0,
            "min": -9110.0,
            "max": 15450.0,
            "count": 100
        },
        "DroneMove.Policy.ExtrinsicReward.mean": {
            "value": 8.780207134637514,
            "min": -10.0,
            "max": 9.132620993086109,
            "count": 100
        },
        "DroneMove.Policy.ExtrinsicReward.sum": {
            "value": 15260.0,
            "min": -9110.0,
            "max": 15450.0,
            "count": 100
        },
        "DroneMove.Losses.PolicyLoss.mean": {
            "value": 0.13237299312569312,
            "min": 0.12320062974760171,
            "max": 0.13620536178284934,
            "count": 100
        },
        "DroneMove.Losses.PolicyLoss.sum": {
            "value": 10.19272047067837,
            "min": 9.486448490565332,
            "max": 10.4878128572794,
            "count": 100
        },
        "DroneMove.Losses.ValueLoss.mean": {
            "value": 0.25895704765495686,
            "min": 0.22957196024456164,
            "max": 3.212556233931962,
            "count": 100
        },
        "DroneMove.Losses.ValueLoss.sum": {
            "value": 19.93969266943168,
            "min": 17.677040938831247,
            "max": 247.36683001276108,
            "count": 100
        },
        "DroneMove.Policy.LearningRate.mean": {
            "value": 1.4911774250519479e-06,
            "min": 1.4911774250519479e-06,
            "max": 0.0002984857524528012,
            "count": 100
        },
        "DroneMove.Policy.LearningRate.sum": {
            "value": 0.00011482066172899998,
            "min": 0.00011482066172899998,
            "max": 0.022983402938865694,
            "count": 100
        },
        "DroneMove.Policy.Epsilon.mean": {
            "value": 0.10049702597402597,
            "min": 0.10049702597402597,
            "max": 0.19949525064935067,
            "count": 100
        },
        "DroneMove.Policy.Epsilon.sum": {
            "value": 7.738271,
            "min": 7.738271,
            "max": 15.361134300000002,
            "count": 100
        },
        "DroneMove.Policy.Beta.mean": {
            "value": 3.4801596103896104e-05,
            "min": 3.4801596103896104e-05,
            "max": 0.004974813007402598,
            "count": 100
        },
        "DroneMove.Policy.Beta.sum": {
            "value": 0.0026797229,
            "min": 0.0026797229,
            "max": 0.38306060157000005,
            "count": 100
        },
        "DroneMove.IsTraining.mean": {
            "value": 1.0,
            "min": 1.0,
            "max": 1.0,
            "count": 100
        },
        "DroneMove.IsTraining.sum": {
            "value": 1.0,
            "min": 1.0,
            "max": 1.0,
            "count": 100
        }
    },
    "metadata": {
        "timer_format_version": "0.1.0",
        "start_time_seconds": "1619527542",
        "python_version": "3.7.10 (default, Feb 26 2021, 13:06:18) [MSC v.1916 64 bit (AMD64)]",
        "command_line_arguments": "C:\\Users\\master21\\.conda\\envs\\ML_agents\\Scripts\\mlagents-learn config/ppo/DroneMove.yaml --run-id=DroneBasic",
        "mlagents_version": "0.25.1",
        "mlagents_envs_version": "0.25.1",
        "communication_protocol_version": "1.5.0",
        "pytorch_version": "1.7.1+cu110",
        "numpy_version": "1.20.2",
        "end_time_seconds": "1619567539"
    },
    "total": 39997.252711500005,
    "count": 1,
    "self": 0.0067515999980969355,
    "children": {
        "run_training.setup": {
            "total": 0.13009900000000008,
            "count": 1,
            "self": 0.13009900000000008
        },
        "TrainerController.start_learning": {
            "total": 39997.115860900005,
            "count": 1,
            "self": 40.91894049895927,
            "children": {
                "TrainerController._reset_env": {
                    "total": 10.9537061,
                    "count": 1,
                    "self": 10.9537061
                },
                "TrainerController.advance": {
                    "total": 39945.19676900105,
                    "count": 2139721,
                    "self": 21.822311602743866,
                    "children": {
                        "env_step": {
                            "total": 39923.374457398306,
                            "count": 2139721,
                            "self": 37091.671356893115,
                            "children": {
                                "SubprocessEnvManager._take_step": {
                                    "total": 2808.9818271024496,
                                    "count": 2139721,
                                    "self": 89.03295490010987,
                                    "children": {
                                        "TorchPolicy.evaluate": {
                                            "total": 2719.9488722023398,
                                            "count": 2000003,
                                            "self": 1131.0493381018036,
                                            "children": {
                                                "TorchPolicy.sample_actions": {
                                                    "total": 1588.8995341005361,
                                                    "count": 2000003,
                                                    "self": 1588.8995341005361
                                                }
                                            }
                                        }
                                    }
                                },
                                "workers": {
                                    "total": 22.7212734027407,
                                    "count": 2139721,
                                    "self": 0.0,
                                    "children": {
                                        "worker_root": {
                                            "total": 39947.97690320483,
                                            "count": 2139721,
                                            "is_parallel": true,
                                            "self": 4326.143023802935,