{"cameraMode":{"drawMode":0,"name":"Shaded","section":"Shading Mode"},"sceneLighting":true,"audioPlay":false,"sceneViewState":{"m_AlwaysRefresh":false,"showFog":true,"showSkybox":true,"showFlares":true,"showImageEffects":true,"showParticleSystems":true,"showVisualEffectGraphs":true,"m_FxEnabled":true},"in2DMode":false,"pivot":{"x":2.6923723220825197,"y":6.201508522033691,"z":2.4871397018432619},"rotation":{"x":0.5062924027442932,"y":0.23291929066181184,"z":-0.14421743154525758,"w":0.8176915645599365},"size":35.74127197265625,"orthographic":false}